R_squared,Adj_R_squared,F_statistic,p_value
0.6260573373298354,0.5988615073174597,23.02034308366189,3.255402643237286e-11
